	TGCP	STT	MPO	PTP
TGCP		0.170241	0.175002	0.12507
STT			0.0414715	0.242624
MPO				0.237727
