	TGCP	STT	MPO	PTP
TGCP		0.169751	0.17264	0.123511
STT			0.0411448	0.239781
MPO				0.234793
