	TGCP	STT	MPO	PTP
TGCP		0.161747	0.164429	0.12472
STT			0.0410913	0.237692
MPO				0.232951
